Index, Name, Location, Other
0,"Default","your Current BGM playing",""
1,"N/A","N/A",""
2,"Prelude ~ Rebirth","Start-up (ARR)","Intro/Title music"
3,"Dreams Aloft","1.0/Old launcher theme","Heroic-ish music is in game"
4,"Prelude ~ Discoveries","Character Select","Character Creation"
5,"Behind Closed Doors","Inn",""
6,"Wailers and Waterwheels","Gridania","Daytime Theme"
7,"Dance of the Fireflies","Gridania","Nighttime Theme"
8,"Serenity","Central/North Shroud","Intro/Daybreak"
9,"Serenity","Black Shroud settlements",""
10,"Serenity","The Black Shroud",""
11,"Serenity","South Shroud",""
12,"Serenity","Sanctum of the Twelve",""
13,"The Land Bends","The Black Shroud","Gridania Combat BGM"
14,"Tenacity","Any Leve Locations","Repeated BGM during Leve"
15,"Slumber Disturbed","The Tam-Tara Deepcroft",""
16,"The Promise of Plunder","Early ARR Dungeons",""
17,"The Dark's Embrace*","ARR HM Dungeons","Transitions ""The Dark's Kiss"" combat"
18,"A Victory Fanfare Reborn","Any Locations",""
19,"N/A","N/A",""
20,"Victory! NoVocals","N/A",""
21,"Victory!","N/A",""
22,"Frontline Battle Start","PvP Maps",""
23,"The Hero of Hatchingtide","Various","Chiptune Victory"
24,"Greenwrath","East Shroud",""
25,"I Am the Sea","Limsa Lominsa","Daytime Theme"
26,"A Sailor Never Sleeps","Limsa Lominsa","NightTime Theme"
27,"On Westerly Winds","Middle/Lower La Noscea","Intro/Daybreak"
28,"On Westerly Winds","La Noscea",""
29,"On Westerly Winds","Eastern La Noscea",""
30,"On Westerly Winds","Eastern La Noscea",""
31,"On Westerly Winds","La Noscean settlements",""
32,"Currents","La Noscea",""
33,"The Land Breathes","La Noscea","La Noscea Combat BGM"
34,"N/A","N/A",""
35,"From the Depths","Sastasha",""
36,"Torn from the heavens","Various",""
37,"A Fine Death","Dungeon bosses",""
38,"Nemesis","ARR Dungeon bosses",""
39,"Pennons Aloft","Instanced battles",""
40,"Brothers in Arms","Guildhests",""
41,"The Maiden's Lament","Haukke Manor",""
42,"A Thousand Screams","The Thousand Maws of Toto-Rak",""
43,"Lipflaps on Longstops","Brayflox's Longstop",""
44,"A New Hope","Ul'dah","Daytime Theme"
45,"Sultana Dreaming","Ul'dah","Nighttime Theme"
46,"To the Sun","Western/Central Thanalan","Intro/Daybreak"
47,"To the Sun","Thanalan",""
48,"To the Sun","Southern Thanalan",""
49,"To the Sun","Thanalan settlements",""
50,"To the Sun","Thanalan",""
51,"Fleeting Rays","Eastern Thanalan",""
52,"The Land Burns","Thanalan","Thanalan Combat BGM"
53,"Below","Copperbell Mines",""
54,"The Ludus","Halatali",""
55,"The Gift of Life","",""
56,"Calling","",""
57,"Discordance","Northern Thanalan",""
58,"Beyond the Unknown","review","Very short"
59,"Slither","Mysterious locations","Very short"
60,"Intertwined","Mor Dhona",""
61,"Bo-down","Chocobo porters",""
62,"Eorzea de Chocobo","Chocobo mounts",""
63,"Into the Adder's Den","New Gridania","The Order of the Twin Adder"
64,"Maelstrom Command","Upper Limsa Lominsa","The Maelstrom"
65,"The Hall of Flames","Ul'dah - Steps of Nald","The Immortal Flames"
66,"The Waking Sands","Western Thanalan","The Scion HQ"
67,"When a Tree Falls","Gathering leves",""
68,"The Tug of Fate","Certain FATEs",""
69,"To the Fore","Certain FATEs/Boss battles",""
70,"Whisper of the Land ","Cutscenes (1.0)",""
71,"On Windy Meadows","Cutscenes (1.0)",""
72,"Twilight Over Thanalan","Cutscenes (1.0)",""
73,"Dewdrops & Moonbeams","The Lotus Stand (Kan-E-Senna)",""
74,"The Sands' Secrets","Eorzean Alliance (Raubahn)",""
75,"Ripples in the Sea","Eorzean Alliance (Merlwyb)",""
76,"Imperial Will","Empire Cutscenes",""
77,"Defender of the Realm","Cutscenes (Heroic)",""
78,"Fracture","Cutscenes (Suspense)",""
79,"One Blood","Cutscenes (Tension)",""
80,"Conundrum","Cutscenes (Mysterious/Hildibrand)",""
81,"Prelude ~ Rebirth (Edit)","Cutscenes",""
82,"Return of the Hero","Cutscenes (Resolution)",""
83,"Kiss of Chaos","Cutscenes (Tension)",""
84,"Forever Lost","Cutscenes (Sad)",""
85,"Machinations","Wolves' Den",""
86,"The Only Path","Cutscenes (Positive)",""
87,"Daring Dalliances","Cutscenes (Positive)",""
88,"Bliss","Cutscenes (Comedic)",""
89,"A World Apart","Cutscenes (Heroic)",""
90,"Relics","Cutscenes (esp. Job quests)",""
91,"Breaking Boundaries","Job quest battles",""
92,"The Echo","The Echo cutscenes",""
93,"Tranquility","Cutscenes (Resolution)",""
94,"Without Shadow","Ascian Cutscenes",""
95,"The Seventh Sun","Cutscenes",""
96,"Sacred Bonds","Cutscenes (Sad)",""
97,"Canticle","Cutscenes (Exposition)",""
98,"Where the Heart Is (1.0)","Cutscenes (Resolution)",""
99,"Dreams Aloft","Cutscenes (Resolution)",""
100,"Supply & Demand","Cutscenes (Comedic)","1.0 track"
101,"By Design","Cutscenes (Comedic)","1.0 track"
102,"Decisions","Cutscenes (Mysterious)","1.0 track"
103,"Agent of Inquiry","Hildibrand Theme",""
104,"","",""
105,"Nature's Bounty","Cutscenes, Eternal Bonding","1.0 track"
106,"Prelude","Various, Eternal Bonding",""
107,"Pennons Aloft","Instanced battles, Fenrir battle","1.0 track"
108,"Battle Theme 1.x","Hildibrand FATEs/Hall of the Novice",""
109,"","",""
110,"Salt Swept","Aleport/Moraby Drydocks",""
111,"Paris Themed","Limsa Lominsa",""
112,"My Soul to Keep","Haukke Manor/Tam-Tara HM",""
113,"From Fear to Fortitude","Instanced battles",""
114,"Damnation","Cutscenes (Suspense)",""
115,"Hard to Miss","Boss FATEs",""
116,"A Fell Air Falleth","Later ARR Dungeons",""
117,"Skullduggery","Instanced battles/Qarn HM",""
118,"Another Round","Bars and Taverns",""
119,"Ruby Sunrise","Costa del Sol",""
120,"Primal Judgement ","The Bowl of Embers",""
121,"The Rider's Boon","ARR mounts",""
122,"Cracks in the Wall","Amdapor Keep",""
123,"A Tonberry's Tears","The Wanderer's Palace",""
124,"Echoes of Ages Past","The Sunken Temple of Qarn",""
125,"Abomination","Cutter's Cry",""
126,"Cold Salvation","The Stone Vigil",""
127,"The Darkhold","Dzemael Darkhold",""
128,"Miser's Folly","The Aurum Vale",""
129,"Engage","Enterprise Cutscenes (Diadem)",""
130,"Fever Dream","Cutscenes (Tension)","Excerpt from a longer 1.0 track"
131,"Serving the Light","Warrior of Light",""
132,"Answers","ARR End Credits",""
133,"Opening Theme","ARR End Credits Special/1.0 players","1.0 ending"
134,"A Curious Breed of Botherment","Sylph Theme song",""
135,"Flightless Wings","Ixal Theme song",""
136,"Quick as Silver, Hard as Stone","Kobold theme song",""
137,"Battle Drums ","Sahagin theme song","1.0 track"
138,"Pitfire","Amalj'aa theme song","1.0 track"
139,"Beast Alliance","Beast Tribe Alliance",""
140,"One Eyed Mercernary","Beast Tribe Rival",""
141,"Fealty","Coerthas Central Highlands",""
142,"The Dragon's Dirge","Ishgard",""
143,"Undying Faith","Ishgard",""
144,"The Land Breaks","Coerthas Central Highlands","Coerthas Combat BGM"
145,"The Land Bleeds","Mor Dhona","Mor Dhona Combat BGM"
146,"Primal Timbre*","The Binding Coil of Bahamut","Transitions into ""Spiral"" in combat"
147,"Calamity Unbound","The Binding Coil of Bahamut (Bosses)",""
148,"The Emperor's Wont","Imperial Castrums",""
149,"Penitus","The Praetorium",""
150,"Ultima","Ultima Weapon Phase 2",""
151,"Steel Reason","Cape Westwind/Garlean boss fights",""
152,"Bite of the Black Wolf","Gaius van Baelsar theme",""
153,"The Corpse Hall","Odin FATE",""
154,"Thunderer","Various battles",""
155,"Fallen Angel","The Howling Eye",""
156,"Under the Weight","Titan Phase 4",""
157,"Weight of a Whisper","Titan Phase 1",""
158,"Weight of His Will ","Titan Phase 2",""
159,"Weight of the World","Titan Phase 3",""
160,"Heartless","Titan's Heart phase",""
161,"Flight","Ultima escape music?",""
162,"The Maker's Ruin","Ultima Weapon Phase 1",""
163,"Blinded by light (FFXIII)","",""
164,"More FFXIII music","",""
165,"Torn From The Heavens","","1.0 Track"
166,"Ruby Moonrise","Costa del Sol events","Fast ""Costa Del Sol"" music"
167,"Serenity (short)","The Shroud",""
168,"On Westerly Winds (short)","La Noscea",""
169,"To the Sun (short)","Thanalan",""
170,"Crystal Rain (short)","Mor Dhona",""
171,"To the Fore","",""
172,"The Rider's Boon","Default 1.0 mount theme/Generic",""
173,"Thunderer","(Twintania/Ascian Boss Theme)",""
174,"All Saint's Wake","Event",""
175,"Starlight Celebration","Event",""
176,"Heavensturn","Event",""
177,"Reign of Pain","Shantotto theme (FFXI event)",""
178,"The Seven Jesters ","Thornmarch Phase 1",""
179,"Good King Moggle Mog XII","Thornmarch Phase 2",""
180,"Hubris","Labyrinth of the Ancients",""
181,"Tumbling Down","Labyrinth of the Ancients battle",""
182,"Agent of Inquiry (short)","Hildibrand episode theme",""
183,"Frontiers Within ","Revenant's Toll","Daytime theme"
184,"Reflections","Revenant's Toll","Nighttime theme"
185,"A Light in the Storm ","Pharos Sirius",""
186,"Where the Heart Is","Housing Districts (day)",""
187,"Where the Hearth Is","Housing Districts (night)",""
188,"Flibbertigibbet","Sylph allied beast tribe area",""
189,"Smoulder","Amalj'aa allied beast tribe area",""
190,"Discordance (looped)","Cutscenes (Mysterious)",""
191,"Starlight and Sellswords","Aesthetician","1.0 track"
192,"Battle Theme 1.x","B-ranks, Hall of the Novice, Various Story and Stone, Sea and Sky",""
193,"Big-Boned","Fat Chocobo Theme",""
194,"Gluppity-Schlopp","Kobold allied beast tribe area",""
195,"Breathless","Sahagin allied beast tribe area",""
196,"Pa-Paya","Easter events",""
197,"The Scars of Battle","Lost City of Amdapor",""
198,"Tempest","Nael deus Darnus Phase 1",""
199,"Rise of the White Raven","Nael deus Darnus Phase 2",""
200,"Good King Moggle Mog XII","(Thornmarch Phase 2)",""
201,"Battle on the Big Bridge","(Gilgamesh Boss Theme) 1",""
202,"Blades*","The Second and Final Coils","Transitions ""Spiral"" combat"
203,"Wreck to the Seaman","(The Whorleater Phase 1)",""
204,"Through The Maelstrom ","(The Whorleater Phase 2)",""
205,"Meteor","Nael Deus Darnus ",""
206,"Persistence","Boss themes",""
207,"Wrath of the Eikons","Boss themes",""
208,"Fury","Brayflox's Longstop HM Boss","1.0 track"
209,"Beneath Bloodied Banners ","Hard Mode dungeon bosses",""
210,"Birds of a Feather","Halatali Hard mode","1.0 track"
211,"Thicker Than a Knife's Blade","",""
212,"Now I Know the Truth","Unei and Doga theme",""
213,"","",""
214,"Moonfire Faire","","Seasonal Event"
215,"Far from Home","Ixal theme",""
216,"Horizons Calling","Hullbreaker Isle",""
217,"Dark Vows","Tam-Tara Deepcroft (HM)",""
218,"Out of the Labyrinth","The Syrcus Tower","Transitions ""Shattered"" combat"
219,"The War Room","Frontlines",""
220,"Rouse Out!","Frontlines","Delayed.Transitions ""Blood for Blood"" combat"
221,"Thunder Rolls ","The Striking Tree",""
222,"Game Theory","(Puzzles / Minigames Theme)",""
223,"Loss of Time","Syrcus Tower cutscene",""
224,"Or the Egg?","Chocobo training montage",""
225,"His Holiness","Thordan cutscene",""
226,"Answers (Reprise)","The Rising",""
227,"The Corpse Hall ","Urth's Fount",""
228,"Everbinding Oath","Eternal Bond ceremony",""
229,"The Edge","Ninja trainer hideout",""
230,"Footsteps in the Snow ","(Akh Afah Amphitheatre Phase 1)",""
231,"Oblivion ","(Afk Afah Amphitheatre Phase 2)",""
232,"Boss Battle (FFVI)","The Dragon's Neck",""
233,"The Warrens","Snowcloak",""
234,"Forgotten by the Sun","Qarn hard mode?",""
235,"Riptide","Sastasha (Hard)",""
236,"From the Ashes","Phoenix Boss Theme",""
237,"Answers","(Bahamut Prime Phase 2)",""
238,"Answers","(Bahamut Prime Phase 3)",""
239,"The Coil Tightens","(T13 Cinematic)",""
240,"Answers","(Bahamut Prime Phase 1)",""
241,"Eternal Wind","Crystal Tower ending cutscene",""
242,"Battle on the Big Bridge (FFV)","Battle in the Big Keep Phase 1",""
243,"Silver Tears","The Keeper of the Lake",""
244,"Primogenitor","The Keeper of the Lake (Midgardsormr)","Midgardsormr'Brood/AlphaScape v2"
245,"Tricksome","Wanderer's Palace (Hard)",""
246,"Aftermath","Amdapor Keep (Hard)",""
247,"Blind to the Dark","The World of Darkness","Transitions ""Hamartomania"" Combat"
248,"Blind to the Dark (Cerberus Stomach)","The World of Darkness","Muffled"
249,"Hunger","The World of Darkness","Transitions ""The Reach of Darkness"" after ending"
250,"Four-Sided Circle","Manderville Gold Saucer",""
251,"Gateway to Paradise","Chocobo racing 1",""
252,"Sport of Kings","Chocobo racing 2",""
253,"Shuffle or Boogie","Triple Triad","Straight out of FFVIII"
254,"Faith in Her Fury","The Steps of Faith",""
255,"Unworthy","The Steps of Faith (pinch)",""
256,"The Tug of Fate","The Wanderer's Palace HM Bosses",""
257,"To the Fore","The Wanderer's Palace HM End Boss",""
258,"Chocobo Victory 1","Chocobo racing",""
259,"Chocobo Victory 2","Chocobo racing",""
260,"Chocobo Victory 3","Chocobo racing",""
261,"Drum Roll","Cutscene",""
262,"Magiteknical Difficulties","Magitek Armor Mount",""
263,"The Corpse Hall Hushed","Sleipnir Mount",""
264,"Oblivion Hushed","Shiva Mount",""
265,"Thunder Rolls Hushed","Ramuh Mount",""
266,"Through The Maelstorm Hushed","Leviathan Mount",""
267,"Under the Weight Hushed","Titan Mount",""
268,"Fallen Angel Hushed","Garuda Mount",""
269,"Primal Judgement Hushed","Ifrit Mount",""
270,"","",""
271,"A Cold Wind","Heavensward title screen",""
272,"Dragonsong","Final Steps of Faith",""
273,"Shelter","Heavensward safezone music",""
274,"Heavensward safezone music 2","",""
275,"Nobility Obliges","The Pillars (day)",""
276,"Nobility Sleeps","The Pillars (night)",""
277,"Solid","The Foundation (day)",""
278,"Night in the Brume","The Foundation (night)",""
279,"Against the Wind ","Coerthas Western Highlands (day)",""
280,"Black and White","Coerthas Western Highlands (night)",""
281,"Melt","Heavensward Battle Theme",""
282,"Painted Foothills","Dravanian Forelands (Day)",""
283,"Painted Skies","Dravanian Forelands (Night)",""
284,"Melt","",""
285,"Missing Pages","Dravanian Hinterlands (Day)",""
286,"The Silent Regard of Stars","Dravanian Hinterlands (Night)",""
287,"Melt","",""
288,"Landlords","Churning Mists (Day)",""
289,"Skylords","Churning Mists (Night)",""
290,"Melt","",""
291,"Lost in the Clouds","Sea of Clouds (Day)",""
292,"Close to the Heavens","Sea of Clouds (Night)",""
293,"Melt","",""
294,"Order yet Undeciphered ","Azys Lla",""
295,"Melt","","Ever so slight variation"
296,"Paradise Found","Idyllshire (Day)",""
297,"Homestead","Idyllshire (Night)",""
298,"The Mushroomery","Matoya's cave",""
299,"Descent","Dusk Vigil",""
300,"Like a Summer Rain","Neverreap",""
301,"Slumber Eternal","Sohm Al",""
302,"Roar of the Wyrm","The Aery",""
303,"Ink Long Dry","Great Gubal Library ",""
304,"Imagination ","Aetherochemical Research Facility",""
305,"Hallowed Halls ","(The Vault)",""
306,"Hallowed Halls ","(The Vault area transition)",""
307,"Hallowed Halls ","(The Vault area transiiton 2)",""
308,"Unbreakable","Fractal Continuum",""
309,"Ominous Prognisticks","(Heavensward Boss theme)",""
310,"The Hand That Gives The Rose","(Thok ast Thok Phase 1)",""
311,"Limitless Blue","(The Limitless Blue)",""
312,"Heroes","(The Singularity Reactor)",""
313,"Contention","Heavensward cutscenes/Zenith",""
314,"Misconception","Heavensward cutscenes",""
315,"The Heavens' Ward ","(Heavens' Ward Knight Theme)",""
316,"Stone and Steel","HW Heroic Theme (Cutscenes/Instances)",""
317,"For the Sky","Heavensward cutscenes",""
318,"Inception","Heavensward cutscenes",""
319,"Borderless","Flying mount theme",""
320,"The Dragon's Dirge (looped)","Ishgard locations",""
321,"Ultima (excerpt)","Proto Ultima",""
322,"What is Love?","Moogle Beast Tribe",""
323,"Sins of the Father, Sins of the Son","Alexander",""
324,"Locus","Alexander boss theme",""
325,"Unbending Steel","(Thok ast Thok Phase 2)",""
326,"Woe That Is Madness","(The Limitless Blue Phase 2)",""
327,"Metal","(Alexander Boss Theme - The Manipulator)",""
328,"When a Tree Falls","FC workshop/leves","1.0 track"
329,"Eerie Church Bells","Steps of Thal","1.0 Original Ul'dah Church"
330,"All Saint's Wake Theme","Event","Seasonal Event"
331,"Steel Reason Hushed","Red Baron/White Devil mounts",""
332,"Battle Theme","The Maiden's Rhapsody (FFXI)",""
333,"Battle Theme #2","The Maiden's Rhapsody (FFXI)",""
334,"Recollection","The Maiden's Rhapsody (FFXI)",""
335,"The Kingdom of San d'Oria","The Maiden's Rhapsody (FFXI)",""
336,"The Republic of Bastok","The Maiden's Rhapsody (FFXI)",""
337,"The Federation of Windurst","The Maiden's Rhapsody (FFXI)",""
338,"Palace of the Dead Theme","POTD",""
339,"Sea of Clouds theme","Abalathia's Spine","Daytime"
340,"Sea of Clouds theme","Abalathia's Spine","NightTime"
341,"Heroes Never Die ","(The Singularity Reactor EX)",""
342,"Engage","The Diadem",""
343,"Jewel","The Diadem (Battle)",""
344,"Torn from The Heavens","Diadem NM Battle",""
345,"Poison Ivy","Saint Mocianne's Arboretum ",""
346,"Upon the Rocks","Pharos Sirius (Hard)",""
347,"Aetherpause","Void Ark","Transitions In Darkness, There Is One. Combat"
348,"Voidal Manifest","Shadow of Mhach boss music",""
349,"Lord of Verminion Selection theme","LOV Minigame",""
350,"Brothers in Arms","Palace of the Dead bosses",""
351,"Nemesis","Dungeon boss battles",""
352,"The Dark's Kiss","Palace of the Dead",""
353,"Aftermath","Palace of the Dead",""
354,"The Corpse Hall","Odin",""
355,"Battle on the Big Bridge","(Gilgamesh' theme)",""
356,"Spiral","First Coil Ambient",""
357,"Calamity Unbound","Twintania battle",""
358,"Prelude ~ Rebirth Hushed","Kirin mount",""
359,"The Kiss","Valentione's Day",""
360,"Spriggan's Adventure","","Likely test or filler audio"
361,"Down the Up Staircase","The Antitower",""
362,"Calca Boss Fight","The Antitower",""
363,"Vath Beast Tribe","",""
364,"Vath Beast Tribe","",""
365,"Battle to the Death","Heavensward (Warring Triad Phase 1)",""
366,"Fiend","(Containment Bay S1T7 Phase 2 / Sephirot)",""
367,"Feast Theme","",""
368,"The Ancient City","The Lost City of Amdapor (Hard)",""
369,"Metal - Brute Justice Mode ","(Alexander Boss Theme - Brute Justice)",""
370,"Alexander background beat","","Likely test or filler audio"
371,"Woe That is Madness Hushed","Bismarck Mount",""
372,"Unbending Steel Hushed","Ravana Mount",""
373,"Heroes Hushed","Thordan Mount",""
374,"Sephirot P1 Hushed","Sephirot Mount",""
375,"Tenacity","Levequests (Palace of the Dead)",""
376,"From the Ashes Hushed","Bennu Mount",""
377,"Faith in Her Fury (excerpt)","3.3 cutscenes",""
378,"Stone and Steel (excerpt)","3.3 cutscenes",""
379,"Primogenitor (excerpt)","3.3 cutscenes",""
380,"Hyper Rainbow Z","Go Go Posing Rangers Theme",""
381,"Freedom","Sky Pirate area (The Parrock)","A 1.0 La Noscea theme"
382,"Dragonsong","(The Final Steps of Faith Phase 1)",""
383,"Freefall ","(The Final Steps of Faith Phase 2)",""
384,"Revenge of the Horde","(The Final Steps of Faith Phase 3)",""
385,"He Who Continues the Attack","Regula Hydrus's Theme",""
386,"Apologies","(Sohr Khai)",""
387,"Holy Consult ","(Hullbreaker Hard Isle)","1.0 track"
388,"Bathed in Woodsin","Review","1.0 track"
389,"Emerald Labyrinth","POTD","1.0 track"
390,"Enraptured ","POTD","1.0 track"
391,"Tears for Mor Dhona","POTD","1.0 track"
392,"Blackbosom","POTD Floor 50 boss",""
393,"Teardrops in the rain","Weeping City of Mhach",""
394,"A thousand faces (Ozma theme)","Weeping City of Mhach",""
395,"Freefall Hushed","Nidhogg Mount",""
396,"Good King Moggle Mog XXII Hushed","Fat Moogle Mount",""
397,"Locus Hushed","Gobwalker Mount",""
398,"Foundation piano","",""
399,"Palace of the Dead Theme","",""
400,"Fragments of Forever","Alisaie Theme",""
401,"Notice of Death","100 potd forboding",""
402,"Equilibrium ","(Containment Bay P1T6 / Sophia)",""
403,"The Gauntlet","Wolves Den duel / Lost Canals of Uznair",""
404,"Ultima Theme","",""
405,"Grounded","Xelphatol",""
406,"Revenge Twofold ","Heavensward 3.4/3.5 Boss Theme",""
407,"Bibliophobia","Gubal Hard",""
408,"Up at Dawn","Halloween Instance Event Music",""
409,"Fog of Phantom","91-100 potd theme",""
410,"Blasphemous Experiments","Potd 100 Boss (Nybeth Obdilord)",""
411,"Exponential Entropy","Alexander Boss Theme - Cruise Chaser",""
412,"Mobius","Alexander Boss Theme - A12 Phase 1",""
413,"Rise","Alexander Boss Theme - A12 Phase 2",""
414,"Rise Ambient","Alexander Boss Theme Non Vocal Phase 2 Gate Adds",""
415,"Equilibrium Hushed","Sophia Mount",""
416,"Mobius Hushed","A12s Mount",""
417,"Infinity","Containment Bay Z1T9 / Zurvan Phase 3",""
418,"Elevator Waiting Music","Unused Gold Saucer Transition","Floor Transitions"
419,"Penultimania ","Containment Bay Z1T9 / Zurvan Phase 2",""
420,"Another Brick","Baelsar's Wall theme",""
421,"Quicksand","Solm Al Hard Theme",""
422,"Promises","Deathgaze theme(Dun Scaith)",""
423,"Shadow of the Body","Dun Scaith ambient",""
424,"Infinity Hushed","Zurvan Mount",""
425,"Mother Crystal/Yoship theme","Crystal Theme / Yoshi-p Events",""
426,"Answers - Reprise","Original 1.xb Ending Update",""
427,"","",""
428,"Prelude - Long March Home","Stormblood login screen",""
429,"Revolutions(Vocals)","",""
430,"Harmony","Stormblood safezone1",""
431,"With Giants Watching","Stormblood safezone1",""
432,"Cradle","Stormblood safezone1",""
433,"Impact","Rhalgr's Reach","Daytime theme"
434,"Afterglow","Rhalgr's Reach","Nighttime theme"
435,"Looping in the Deepest Fringes","Stormblood battle theme",""
436,"Crimson Sunrise","Kugane","Daytime theme"
437,"Crimson Sunset","Kugane","Nighttime theme"
438,"Looping in the Deepest Fringes","Stormblood battle theme",""
439,"Beyond The Wall","The Fringes","Daytime theme"
440,"Hope Forgotten","The Fringes","Nighttime theme"
441,"Looping in the Deepest Fringes","stormblood battle theme",""
442,"On High","The Peaks","Daytime theme"
443,"The Stone Remembers","The Peaks","Nighttime theme"
444,"Looping in the Deepest Fringes","stormblood battle theme",""
445,"Songs of Salt and Suffering","The Lochs","Daytime theme"
446,"Old Wounds","The Lochs","Nighttime theme"
447,"Looping in the Deepest Fringes","stormblood battle theme",""
448,"Liquid Flame","The Ruby Sea","Daytime theme"
449,"Westward Tide","The Ruby Sea","Nighttime theme"
450,"Looping in the Deepest Fringes","stormblood battle theme",""
451,"A Father's Pride ","Yanxia","Daytime theme"
452,"A Mother's Pride","Yanxia","Nighttime theme"
453,"Looping in the Deepest Fringes","stormblood battle theme",""
454,"Drowning in the Horizon","The Azim Steppe","Daytime theme"
455,"He Rises Above","The Azim Steppe","Nighttime theme"
456,"Looping in the Deepest Fringes","stormblood battle theme",""
457,"Stormblood cutscene music 1","",""
458,"Stormblood cutscene music 2","",""
459,"Heroes of Stormblood","Stormblood cutscenes",""
460,"The Garlean Territorial Anthem","Gyr Abania / Neighbor States",""
461,"Measure of His Reach(nonvocal)","",""
462,"8 bit adventure","Reused FF Theme /","Unused"
463,"Stormblood cutscene music 3","",""
464,"Cyan's Theme","Cutscenes/The Doman Enclave",""
465,"Far East of Eorzea","Cutscene music",""
466,"Revelation ","(The Pool of Tribute Phase 1)",""
467,"Beauty's Wicked Wiles","(Emanation)",""
468,"Scale and Steel","(The Royal Menagerie Phase 1)",""
469,"The Worm's Tail","(The Royal Menagerie Phase 2)",""
470,"Triumph","Stormblood Boss Theme",""
471,"Dawnbound","(The Sirensong Sea)",""
472,"The Open Box ","(The Shisui of the Violet Tides)",""
473,"Most Unworthy","(Bardam's Mettle)",""
474,"Gates of the Moon","(Doma Castle)",""
475,"Alienus","(Castrum Abania)",""
476,"Liberty or Death ","(Ala Mhigo)",""
477,"Their Deadly Mission","(Temple of the fist)",""
478,"Deception","(Kugane castle)",""
479,"Deltascape","Omega Hub",""
480,"Omega^2","Deltascape Bosses",""
481,"Decisions","Deltascape","Exdeath "
482,"Final Not Final","Neo Exdeath","O4 Savage"
483,"Wing and a Prayer Hushed","Falcon Porters",""
484,"Wing and a Prayer","Various cutscenes/Enclave Quests",""
485,"Revolutions (Cutscene version)","",""
486,"Prelude (Long March Home)ARR","Stormblood Character Selection",""
487,"Measure of His Reach - Prelude","StormBlood ARR/SB Mix",""
488,"Shell-Shocked","Isle of Zekki",""
489,"Parting Ways","Cutscenes (Sad Eastern Theme)",""
490,"Meteor","Cutscenes (Zenos Insert Theme)",""
491,"Riot ","(The Pool of Tribute Phase 2)",""
492,"At Both Ends","(The Pool of Tribute Phase 3)",""
493,"Riot Hushed","Susano Mount",""
494,"Beauty's Wicked Wiles Hushed","Lakshima Mount",""
495,"Procedamus in Peace","Rhalgr's Reach (Ruined)",""
496,"Wizardly","FFXIV Anniversary Maze",""
497,"A Great Success","Choco Racing Victory",""
498,"Indomitable ","(Tamamizu / Kojin Theme)",""
499,"Beyond Redemption","Unending coil of Bahamut (Ultimate)","(Golden Bahamut Theme)"
500,"Rival Wings","Astralogos",""
501,"Locus","Alexander (Rival Wings Oppressor)",""
502,"Exponential Entropy","Alexander (Rival Wings Cruise Chaser)",""
503,"Metal-Brutal Justice Mode","Alexander (Rival Wings Brute Justice)",""
504,"Far From Home","(The Drowned City Of Skalla)",""
505,"The Worm's Tail Hushed","Shinryu Mount",""
506,"Trisection","(Royal City of Rabanastre Theme)",""
507,"Precipitous Combat","(Rabanastre Boss Theme)",""
508,"Ultima's Transformation","(Rabanastre Final Boss Theme)",""
509,"Victory","Royal City of Rabanastre",""
510,"Save / Load Screen","Return to Ivalice cutscenes",""
511,"Character Creation","Return to Ivalice cutscenes",""
512,"Protagonist's Theme","Return to Ivalice cutscenes",""
513,"Stormblood alliance cutscene music","Royal City of Rabanastre",""
514,"Background Story","Return to Ivalice cutscenes",""
515,"The Enemy Approaches","Return to Ivalice cutscenes",""
516,"Starlit Gateway","Christmas 2017","Seasonal Event"
517,"Forever in Flames","","Short Theme"
518,"Keepers of the Lock","Ananta Beast tribe music",""
519,"Iroha","Reisen Temple",""
520,"Siren Song","Steps Of Nald","Seasonal Event"
521,"Answer on High","The Four Lords",""
522,"Todoroki","The Jade Stoa (Phase 2)",""
523,"Amatsu Kaze","The Jade Stoa (Phase 3)",""
524,"Wicked Winds Whisper","Eureka Anemos/Pagos/Pyros",""
525,"No Quarter","Eureka Fates",""
526,"Down Where Daemons Dwell","(Hells' Lid)",""
527,"Unbreakable - Duality ","(The Fractal Continuum Hard)",""
528,"The Phantom Train to Sigmascape","Sigmascape Boss Train",""
529,"The Decisive Battle","Sigmascape Boss Theme",""
530,"Dancing Mad (Phase 1 - Sigma v4.0)","Sigmascape",""
531,"Dancing Mad (Phase 2 - Sig v4.0)","Sigmascape",""
532,"Dancing Mad (Phase 3 - Sig v4.0)","Sigmascape",""
533,"Dancing Mad (God Kefka)","Sigmascape","O8 Savage"
534,"Final Not Final Hushed","Mount",""
535,"Dancing Mad IV Hushed","Mount",""
536,"Amatsu Kaze Hushed","Mount",""
537,"Calling","Eureka","Short- No Repeat"
538,"Pa-Paya Demastered ","(Easter Mini-game Theme)","Seasonal Event"
539,"Valentine Love Checker Theme","Old Gridania","Seasonal Event"
540,"Seven Hundred Seventy-Seven Whiskers","Namazu beast tribe area",""
541,"Nightbloom","Tsukuyomi Phase 1",""
542,"Lunacy","Tsukuyomi Phase 2",""
543,"Wayward Daughter","Tsukuyomi Phase 3",""
544,"Fallen Angel (From Astral to Umbral)","~UwU Garuda",""
545,"Primal Judgment (From Astral to Umbral)","~UwU Ifrit",""
546,"Under the Weight (From Astral to Umbral)","~UwU Titan",""
547,"Ultima (Orchestrial Version)","~UwU Ultima Weapon",""
548,"Monster Hunter World Rathalos","Phase 2","Monster Hunter World"
549,"Monster Hunter World Rathalos","Phase 1","Monster Hunter World"
550,"Monster Hunter World Result Screen","Completion of Duty","Monster Hunter World"
551,"Earth Wind and Water","Swallow's Compass",""
552,"Wayward Daughter Hushed","Tsukuyomi Mount",""
553,"World Map","FF/TCS",""
554,"A Chapel","FF/TCS",""
555,"To the Peak","(Ridorana Lighthouse)",""
556,"The Mystery of Giruvegan ","(Ridorana Lighthouse)",""
557,"FFXII Boss Theme ","(Ridorana Lighthouse)",""
558,"Apoplexy (Construct 7)","(Ridorana Lighthouse)",""
559,"Flash of Steel (Yiazmat)","(Ridorana Lighthouse)",""
560,"Victory Fanfare (FFXII version)","(Ridorana Lighthouse)",""
561,"Corner of the New World - Astera","Monster Hunter World","Monster Hunter World"
562,"Monster Hunter World","Monster Hunter World","Monster Hunter World"
563,"Monster Hunter World","Monster Hunter World","Rathalos introductory cutscene"
564,"Monster Hunter World","Monster Hunter World","Monster Hunter World"
565,"Monster Hunter World","Monster Hunter World","Monster Hunter World"
566,"Kugane MHW Theme","Kugane","Daytime Theme"
567,"Kugane MHW Theme","Kugane","Nighttime Theme"
568,"Looping in the Deepest Fringes","Stormblood battle variation","Kugane"
569,"UWU Magitek Bit","~UwU","Creepypasta edition"
570,"Wasshoi, Wasshoi!","Mikoshi mount",""
571,"Monster Hunter Theme","Generic",""
572,"Rathalos wipe","Failed Duty","Party Wipes/Out of Revives"
573,"Everywhere and Nowhere","AlphaScape/Cutscene","Alpha in Space"
574,"A Dream in Flight","AlphaScape/Cutscene","Alpha&Omega Adventure"
575,"Ending","AlphaScape/Cutscene","Alpha&Omega Adventure"
576,"Ending 2","AlphaScape/Cutscene","Epilogue"
577,"Unspoken","1.0 Coerthas",""
578,"Inner Recess","","Encounter"
579,"Neverborn","",""
580,"Starlight, Starbright","Old Gridania","Seasonal Event"
581,"Sunset","Hells' Kier",""
582,"Sunrise","Hells' Kier Phase 3",""
583,"A Land Long Dead ","(The Burn)",""
584,"From Mud","(Saint Mocianne's Arboretum Hard)",""
585,"Battle (Alphascape v1.0)","Alphascape",""
586,"eScape (Alphascape v3.0)","Alphascape",""
587,"Heartless (Omega M+F Theme)","Alphascape","O12"
588,"Sunrise Hushed","Suzaku Mount",""
589,"From the Heavens Hushed","Alphascape Mount",""
590,"Tyranical Ascian","Solus Soz Galvus",""
591,"From the Heavens Final Omega","Alphascape","O12 Savage"
592,"Crazy Motorcycle","SDS Fenrir Mount",""
593,"Dangertek","The Shifting of Altar of Uznair/Feast",""
594,"N/A","",""
595,"N/A","",""
596,"N/A","",""
597,"N/A","",""
598,"N/A","",""
599,"N/A","",""
600,"N/A","",""
601,"N/A","",""
602,"N/A","",""
603,"N/A","",""
604,"Broken Down","Final Fantasy XV",""
605,"Hammerhead","Final Fantasy XV",""
606,"Valse di Fantastica","Final Fantasy XV",""
607,"Relax and Reflect","Final Fantasy XV",""
608,"Daemons","Final Fantasy XV",""
609,"Prayer de LUNA","Final Fantasy XV",""
610,"Safe Haven","Final Fantasy XV",""
611,"Veiled in Black","Final Fantasy XV",""
612,"Horrors of the Night","Final Fantasy XV",""
613,"Apocalypsis Notic","Final Fantasy XV",""
614,"A Quick Pit Stop","Final Fantasy XV",""
615,"Prima Vista","Prima Vista",""
616,"Banga Banga Theme","Kugane CutScene",""
617,"Gentle Theme (stops after awhile)","Orbonne Monastery",""
618,"Adventure Theme","Orbonne Monastery",""
619,"Adventure Theme 2","Orbonne Monastery",""
620,"Alma's Theme","Orbonne Monastery",""
621,"Adventure Theme 3","Orbonne Monastery",""
622,"Adventure Theme 4","Orbonne Monastery",""
623,"Boss Theme","Orbonne Monastery",""
624,"Boss Theme","Orbonne Monastery",""
625,"Boss Theme","Orbonne Monastery",""
626,"Boss Theme","Orbonne Monastery",""
627,"Boss Theme","Orbonne Monastery",""
628,"Boss Theme","Orbonne Monastery",""
629,"Victory Theme","Orbonne Monastery",""
630,"Nail of the Heavens","Blue Mage Carnival",""
631,"Azulmagia fight","Blue Mage Carnival",""
632,"The Garden of Ru'Hmet","Baldesion Arsenal",""
633,"Onslaught","Baldesion Arsenal",""
634,"Turmoil","Baldesion Arsenal",""
635,"From the Dragon's Wake Hushed","Seiryu Mount",""
636,"StormBlood Theme","Kyubi Mount",""
637,"HullBreaker","Mount BGM Faded",""
638,"Mount theme","Mount BGM Faded",""
639,"Battle for Eorzea (MSQ)","The Ghimlyt Dark",""
640,"From the Dragon's Wake","The Wreath of Snakes Final Phase",""
641,"Doman Distractions","Gold Saucer",""
642,"Air Force One Victory","Gold Saucer",""
643,"Air Force One Fail","Gold Saucer",""
644,"Air Force One Loop","Gold Saucer",""
645,"Revolutions + His&Her Revelations","Rising Stones","The End Credits"
646,"ShadowBringers","n/a","The arrival of WOD/WOL"
647,"Tomorrow and Tomorrow - Reprise","The First",""
648,"A Better Tomorrow","The First",""
649,"Tears in the Rain","The First",""
650,"Dangerous Words","Solo Instance","MSQ / Side Quest Instances"
651,"High Treason","Solo instance","MSQ / Side Quest Instances"
652,"More than Truth","Cutscenes",""
653,"Paradisaical Predicaments","n/a","Post MSQ"
654,"Tomorrow and Tomorrow inst.","",""
655,"Tomorrow and Tomorrow vocal.","",""
656,"Vamo' alla flamenco","Certain Dancer CGS","Dancer "
657,"Piano Short","n/a",""
658,"The Lute","n/a",""
659,"The Dark Which Illuminates the World","Crystarium",""
660,"Knowledge Never Sleeps","Crystarium",""
661,"The Indulgence","Eulmore",""
662,"Masquerade","Eulmore",""
663,"The Source","n/a",""
664,"Unchanging, Everchanging","n/a",""
665,"A World Divided","n/a",""
666,"The Quick Way","n/a",""
667,"Sands of Amber","Amh Araeng","Orchastration roll"
668,"Sands of Blood","Amh Araeng",""
669,"Fierce and Free","Il Mheg",""
670,"The Faerie Ring","Il Mheg",""
671,"Civilizations","Ra'Tika Greatwoods","Orchastration roll"
672,"A Hopeless Race","Ra'Tika Greatwoods",""
673,"Full Fathom Five","Ra'Tika Greatwoods",""
674,"Neath Dark Waters","The Great Tempest","the Gentile Giant Folk"
675,"A Reason to Live","Il Mheg","FaeFolk"
676,"No Greater Sorrow","",""
677,"Rencounter 1","",""
678,"Rencounter 2","",""
679,"Rencounter 3","",""
680,"Rencounter 4","",""
681,"Rencounter 5","",""
682,"N/A","",""
683,"What Angel Wakes Me","The Dancing Plague",""
684,"Insanity","The Crown of Immaculate",""
685,"Who Brings Shadow","",""
686,"Invincible","",""
687,"To Fire And Sword","The Holminister Switch",""
688,"Figments","Dohn Mheg",""
689,"Unwound","Qitana Ravel",""
690,"Deep Down","Malikah's Well",""
691,"In The Belly Of The Beast","Mt. Gulg",""
692,"Mortal Instants","Amourot",""
693,"Shadows Withal","Acedmia Anyders",""
694,"A Long Fall","The Twinning",""
695,"Insatiable","Dungeons",""
696,"Blue Fields","",""
697,"Force Your Way","Eden's Gate:Resurrection/Descent",""
698,"Landslide","Eden's Gate:Sepulture",""
699,"On Our Fates Alight","",""
700,"What Angel Wakes Me (Mount)","The Dancing Plage EX",""
701,"Insanity (Mount)","The Crown of Immaculate EX",""
702,"Landslide (Mount)","Eden's Gate:Sepulture Savage",""
703,"Four-sided Circle","The Gold Saucer",""
704,"Four-fold Knowing","Login Screen",""
705,"Who Brings Shadow+TaT","The End Credits",""
706,"Locus (The Primals)","The Twining",""
707,"Tomorrow and Tomorrow 1","",""
708,"Tomorrow and Tomorrow 2","",""
709,"Tomorrow and Tomorrow (No vocals)","",""
710,"Shattered","",""
711,"Pain in Pleasure","",""
712,"Such as it Is","",""
713,"N/A","",""
714,"The Darks' Kiss","",""
715,"On Our Fates Alight","",""
716,"Unmatching Pieces","",""
717,"Blinding Indigo","Eden's Gate:Inundation",""
718,"N/A","",""